Date,T,P0,U,Ff
23.01.2023 23:30,0,760.3,93,3
23.01.2023 23:00,2,760.4,87,2
23.01.2023 22:30,1,760.4,93,3
23.01.2023 22:00,1,759.6,100,3
23.01.2023 21:30,2,759.6,87,3
23.01.2023 21:00,1,759.6,93,3
23.01.2023 20:30,2,759.6,93,1
23.01.2023 20:00,3,759.7,87,2
23.01.2023 19:30,3,759.7,87,2
23.01.2023 19:00,3,759.7,87,2
23.01.2023 18:30,3,758.9,87,2
23.01.2023 18:00,3,758.9,87,2
23.01.2023 17:30,3,758.9,87,2
23.01.2023 17:00,3,758.9,87,1
23.01.2023 16:30,4,758.9,87,3
23.01.2023 16:00,5,758.3,81,2
23.01.2023 15:30,5,758.3,81,3
23.01.2023 15:00,6,758.3,76,3
23.01.2023 14:30,6,758.3,76,3
23.01.2023 14:00,5,758.3,81,3
23.01.2023 13:30,5,758.3,81,3
23.01.2023 13:00,5,758.3,81,3
23.01.2023 12:30,5,759,76,3
23.01.2023 12:00,4,758.9,81,3
23.01.2023 11:30,4,758.9,81,3
23.01.2023 11:00,3,758.9,87,3
23.01.2023 10:30,3,758.9,81,4
23.01.2023 10:00,2,758.8,87,3
23.01.2023 09:30,2,758.8,87,2
23.01.2023 09:00,2,758.8,87,3
23.01.2023 08:30,2,758.8,87,3
23.01.2023 08:00,2,758.2,87,4
23.01.2023 07:30,1,758.1,87,4
23.01.2023 07:00,1,758.1,87,4
23.01.2023 06:30,1,758.1,87,3
23.01.2023 06:00,2,757.4,87,4
23.01.2023 05:30,2,757.4,87,4
23.01.2023 05:00,1,758.1,93,2
23.01.2023 04:30,2,758.2,93,2
23.01.2023 04:00,1,758.1,93,1
23.01.2023 03:30,1,758.1,93,1
23.01.2023 03:00,2,758.8,87,1
23.01.2023 02:30,2,758.2,87,4
23.01.2023 02:00,2,758.2,87,5
23.01.2023 01:30,2,758.8,87,5
23.01.2023 01:00,2,758.2,87,5
23.01.2023 00:30,2,758.8,87,5
23.01.2023 00:00,2,758.8,87,5
22.01.2023 23:30,2,758.8,87,4
22.01.2023 23:00,2,758.2,87,5
22.01.2023 22:30,1,758.1,93,4
22.01.2023 22:00,1,758.1,93,4
22.01.2023 21:30,1,758.1,93,4
22.01.2023 21:00,1,758.1,93,3
22.01.2023 20:30,1,758.1,93,4
22.01.2023 20:00,1,757.3,93,3
22.01.2023 19:30,1,757.3,93,3
22.01.2023 19:00,1,757.3,93,3
22.01.2023 18:30,1,757.3,93,4
22.01.2023 18:00,1,756.6,93,4
22.01.2023 17:30,1,756.6,93,5
22.01.2023 17:00,1,756.6,93,4
22.01.2023 16:30,1,755.9,93,4
22.01.2023 16:00,1,755.9,93,4
22.01.2023 15:30,1,755.9,93,4
22.01.2023 15:00,1,755.1,93,4
22.01.2023 14:30,1,755.1,93,3
22.01.2023 14:00,1,755.1,93,3
22.01.2023 13:30,1,754.4,93,4
22.01.2023 13:00,1,754.4,93,4
22.01.2023 12:30,1,754.4,93,3
22.01.2023 12:00,1,754.4,93,4
22.01.2023 11:30,1,754.4,93,4
22.01.2023 11:00,1,754.4,93,4
22.01.2023 10:30,1,754.4,93,3
22.01.2023 10:00,0,753.5,100,3
22.01.2023 09:30,0,753.5,100,3
22.01.2023 09:00,0,753.5,93,4
22.01.2023 08:30,0,753.5,93,3
22.01.2023 08:00,0,752.8,93,3
22.01.2023 07:30,0,752.8,93,5
22.01.2023 07:00,0,752.8,93,5
22.01.2023 06:30,0,752.8,93,4
22.01.2023 06:00,0,752.8,93,1
22.01.2023 05:30,1,752.8,81,3
22.01.2023 05:00,1,752.1,81,4
22.01.2023 04:30,1,752.1,81,5
22.01.2023 04:00,1,752.1,81,5
22.01.2023 03:30,1,752.8,81,6
22.01.2023 03:00,1,752.8,81,5
22.01.2023 02:30,1,752.8,81,4
22.01.2023 02:00,1,752.8,81,4
22.01.2023 01:30,1,752.8,81,4
22.01.2023 01:00,1,752.1,81,3
22.01.2023 00:30,1,752.1,81,3
22.01.2023 00:00,1,752.8,81,2
21.01.2023 23:30,1,752.8,81,3
21.01.2023 23:00,1,752.8,75,4
21.01.2023 22:30,1,752.1,81,3
21.01.2023 22:00,1,752.1,81,3
21.01.2023 21:30,1,752.1,75,3
21.01.2023 21:00,1,752.1,75,2
21.01.2023 20:30,1,752.1,75,2
21.01.2023 20:00,1,751.3,75,3
21.01.2023 19:30,1,751.3,75,2
21.01.2023 19:00,1,751.3,75,2
21.01.2023 18:30,1,751.3,75,3
21.01.2023 18:00,1,750.6,75,3
21.01.2023 17:30,1,750.6,75,3
21.01.2023 17:00,1,750.6,75,4
21.01.2023 16:30,1,750.6,75,4
21.01.2023 16:00,1,750.6,75,3
21.01.2023 15:30,1,749.8,75,3
21.01.2023 15:00,1,749.8,75,4
21.01.2023 14:30,2,749.9,70,4
21.01.2023 14:00,2,749.1,70,4
21.01.2023 13:30,2,749.1,70,5
21.01.2023 13:00,1,749.1,75,5
21.01.2023 12:30,1,749.1,75,5
21.01.2023 12:00,1,749.1,75,7
21.01.2023 11:30,1,749.1,75,6
21.01.2023 11:00,1,749.1,75,6
21.01.2023 10:30,1,749.1,75,7
21.01.2023 10:00,1,749.1,75,6
21.01.2023 09:30,0,749,80,6
21.01.2023 09:00,0,749,80,6
21.01.2023 08:30,0,748.3,80,6
21.01.2023 08:00,0,748.3,80,8
21.01.2023 07:30,0,748.3,80,6
21.01.2023 07:00,0,747.5,80,8
21.01.2023 06:30,0,747.5,87,8
21.01.2023 06:00,0,746.9,87,9
21.01.2023 05:30,1,746.9,81,9
21.01.2023 05:00,1,746.9,81,9
21.01.2023 04:30,1,746.9,81,9
21.01.2023 04:00,1,746.9,81,9
21.01.2023 03:30,1,746.9,81,10
21.01.2023 03:00,1,746.9,81,10
21.01.2023 02:30,1,746.9,81,9
21.01.2023 02:00,0,746.9,87,8
21.01.2023 01:30,0,746.9,87,8
21.01.2023 01:00,0,747.5,87,7
21.01.2023 00:30,0,747.5,87,6
21.01.2023 00:00,0,747.5,87,6
20.01.2023 23:30,0,747.5,87,7
20.01.2023 23:00,0,747.5,87,6
20.01.2023 22:30,0,746.9,87,7
20.01.2023 22:00,1,746.9,75,7
20.01.2023 21:30,1,746.9,75,8
20.01.2023 21:00,1,746.9,75,9
20.01.2023 20:30,1,746.9,75,7
20.01.2023 20:00,2,746.9,65,9
20.01.2023 19:30,2,746.9,65,9
20.01.2023 19:00,2,746.9,65,9
20.01.2023 18:30,2,746.9,65,9
20.01.2023 18:00,2,746.9,65,9
20.01.2023 17:30,2,746.9,65,9
20.01.2023 17:00,2,746.9,65,10
20.01.2023 16:30,2,746.2,65,7
20.01.2023 16:00,2,746.2,65,8
20.01.2023 15:30,2,746.2,65,5
20.01.2023 15:00,2,746.2,65,4
20.01.2023 14:30,1,746.1,70,7
20.01.2023 14:00,1,745.6,70,8
20.01.2023 13:30,1,745.6,70,7
20.01.2023 13:00,1,745.6,70,10
20.01.2023 12:30,1,745.6,70,8
20.01.2023 12:00,0,745.6,75,6
20.01.2023 11:30,0,746.1,75,8
20.01.2023 11:00,0,746.1,75,7
20.01.2023 10:30,0,746.1,75,5
20.01.2023 10:00,0,746.1,75,4
20.01.2023 09:30,0,746.1,75,4
20.01.2023 09:00,0,745.6,75,4
20.01.2023 08:30,-1,745.5,80,6
20.01.2023 08:00,-1,745.5,75,5
20.01.2023 07:30,-1,745.5,75,3
20.01.2023 07:00,-1,745.5,75,2
20.01.2023 06:30,-1,745.5,75,2
20.01.2023 06:00,-1,745.5,75,3
20.01.2023 05:30,-2,745.5,80,2
20.01.2023 05:00,-2,745.5,80,2
20.01.2023 04:30,-1,745.5,75,2
20.01.2023 04:00,-1,745.5,75,3
20.01.2023 03:30,-1,745.5,75,1
20.01.2023 03:00,-2,745.5,80,1
20.01.2023 02:30,-1,745.5,80,4
20.01.2023 02:00,-1,745.5,75,2
20.01.2023 01:30,-1,745.5,75,2
20.01.2023 01:00,-1,745.5,75,3
20.01.2023 00:30,-1,745.5,75,1
20.01.2023 00:00,-1,745.5,75,1
19.01.2023 23:30,0,745.6,69,3
19.01.2023 23:00,0,744.8,69,3
19.01.2023 22:30,0,744.8,64,4
19.01.2023 22:00,1,744.8,60,3
19.01.2023 21:30,2,744.9,56,5
19.01.2023 21:00,1,744.8,56,5
19.01.2023 20:30,2,744.2,56,6
19.01.2023 20:00,1,744.1,65,7
19.01.2023 19:30,1,744.1,70,5
19.01.2023 19:00,2,744.2,65,7
19.01.2023 18:30,2,744.2,60,5
19.01.2023 18:00,2,744.2,60,4
19.01.2023 17:30,2,743.4,65,5
19.01.2023 17:00,2,742.6,65,6
19.01.2023 16:30,3,742.7,60,4
19.01.2023 16:00,3,742.7,60,3
19.01.2023 15:30,3,742.7,65,4
19.01.2023 15:00,3,742.7,70,4
19.01.2023 14:30,3,742,65,6
19.01.2023 14:00,3,742,65,8
19.01.2023 13:30,3,742,70,8
19.01.2023 13:00,3,741.2,70,6
19.01.2023 12:30,3,741.2,70,6
19.01.2023 12:00,3,741.2,70,6
19.01.2023 11:30,3,741.2,70,5
19.01.2023 11:00,3,741.2,70,5
19.01.2023 10:30,3,741.2,70,5
19.01.2023 10:00,3,741.2,70,7
19.01.2023 09:30,3,741.2,70,5
19.01.2023 09:00,3,741.2,70,4
19.01.2023 08:30,2,740.3,75,6
19.01.2023 08:00,3,740.4,70,6
19.01.2023 07:30,3,740.4,70,6
19.01.2023 07:00,3,740.4,70,5
19.01.2023 06:30,3,740.4,70,7
19.01.2023 06:00,3,740.4,70,6
19.01.2023 05:30,3,739.7,70,8
19.01.2023 05:00,3,740.4,70,6
19.01.2023 04:30,3,739.7,70,4
19.01.2023 04:00,3,739.7,70,7
19.01.2023 03:30,4,739.7,70,9
19.01.2023 03:00,4,739.7,75,6
19.01.2023 02:30,4,739.7,81,4
19.01.2023 02:00,4,739.7,87,6
19.01.2023 01:30,5,739,87,3
19.01.2023 01:00,4,739,93,3
19.01.2023 00:30,4,739,93,3
19.01.2023 00:00,4,739,93,3
18.01.2023 23:30,4,739,93,3
18.01.2023 23:00,4,739,93,2
18.01.2023 22:30,4,739,93,3
18.01.2023 22:00,3,738.2,93,3
18.01.2023 21:30,3,738.2,100,3
18.01.2023 21:00,4,738.3,93,2
18.01.2023 20:30,4,738.3,93,3
18.01.2023 20:00,4,738.3,93,2
18.01.2023 19:30,4,738.3,93,3
18.01.2023 19:00,5,737.5,93,3
18.01.2023 18:30,5,737.5,93,2
18.01.2023 18:00,5,736.7,93,1
18.01.2023 17:30,5,736.7,93,2
18.01.2023 17:00,5,736.7,93,1
18.01.2023 16:30,6,736.8,87,2
18.01.2023 16:00,6,736.1,87,4
18.01.2023 15:30,6,735.3,87,4
18.01.2023 15:00,7,735.3,81,4
18.01.2023 14:30,7,735.3,76,3
18.01.2023 14:00,7,734.7,76,3
18.01.2023 13:30,7,734.7,76,4
18.01.2023 13:00,7,734.7,71,4
18.01.2023 12:30,6,733.8,81,5
18.01.2023 12:00,6,733.8,76,5
18.01.2023 11:30,6,733,76,5
18.01.2023 11:00,5,733,81,5
18.01.2023 10:30,4,732.3,93,4
18.01.2023 10:00,4,732.3,87,4
18.01.2023 09:30,4,731.5,87,5
18.01.2023 09:00,4,730.7,87,3
18.01.2023 08:30,3,730.2,93,3
18.01.2023 08:00,3,730.2,93,3
18.01.2023 07:30,3,730.2,93,2
18.01.2023 07:00,3,730.2,93,2
18.01.2023 06:30,3,730.2,93,3
18.01.2023 06:00,3,729.5,93,1
18.01.2023 05:30,3,728.7,93,3
18.01.2023 05:00,3,728.7,93,3
18.01.2023 04:30,3,729.5,93,3
18.01.2023 04:00,3,729.5,93,4
18.01.2023 03:30,3,728.7,93,2
18.01.2023 03:00,3,728.7,93,2
18.01.2023 02:30,3,729.5,93,1
18.01.2023 02:00,3,728.7,93,1
18.01.2023 01:30,3,728.7,93,3
18.01.2023 01:00,3,728.7,93,3
18.01.2023 00:30,3,728.7,93,3
18.01.2023 00:00,3,729.5,93,4
17.01.2023 23:30,3,729.5,93,4
17.01.2023 23:00,3,729.5,93,4
17.01.2023 22:30,3,729.5,93,5
17.01.2023 22:00,3,730.2,93,5
17.01.2023 21:30,3,730.2,93,5
17.01.2023 21:00,3,730.2,100,5
17.01.2023 20:30,3,730.6,100,4
17.01.2023 20:00,3,730.6,100,4
17.01.2023 19:30,4,731.5,93,5
17.01.2023 19:00,4,731.5,93,6
17.01.2023 18:30,4,731.5,93,5
17.01.2023 18:00,4,731.5,93,4
17.01.2023 17:30,5,731.5,87,6
17.01.2023 17:00,5,731.5,87,5
17.01.2023 16:30,5,731.5,87,4
17.01.2023 16:00,5,731.5,87,4
17.01.2023 15:30,6,732.3,81,4
17.01.2023 15:00,6,732.3,81,3
17.01.2023 14:30,7,733.1,76,4
17.01.2023 14:00,7,732.4,76,5
17.01.2023 13:30,7,733.1,71,5
17.01.2023 12:00,7,733.1,57,4
17.01.2023 11:30,6,733.8,71,4
17.01.2023 11:00,5,733.8,87,5
17.01.2023 10:30,4,733.7,87,2
17.01.2023 10:00,3,733.7,93,3
17.01.2023 09:30,3,733.7,93,3
17.01.2023 09:00,2,732.9,100,2
17.01.2023 08:30,1,732.8,100,2
17.01.2023 08:00,1,732.8,100,1
17.01.2023 07:30,2,732.2,100,1
17.01.2023 07:00,2,732.2,100,2
17.01.2023 06:30,2,732.2,100,3
17.01.2023 06:00,2,731.4,100,3
17.01.2023 05:30,3,732.2,93,2
17.01.2023 05:00,3,731.4,93,1
17.01.2023 04:30,3,732.2,93,1
17.01.2023 04:00,3,731.4,93,3
17.01.2023 03:30,2,731.4,100,2
17.01.2023 03:00,2,731.4,93,3
17.01.2023 02:30,2,731.4,93,3
17.01.2023 02:00,2,731.4,93,3
17.01.2023 01:30,2,731.4,93,3
17.01.2023 01:00,2,731.4,93,2
17.01.2023 00:30,2,731.4,93,2
17.01.2023 00:00,3,731.4,87,2
16.01.2023 23:30,3,731.4,87,2
16.01.2023 23:00,3,731.4,87,3
16.01.2023 22:30,3,731.4,87,5
16.01.2023 22:00,3,731.4,87,7
16.01.2023 21:30,3,731.4,87,6
16.01.2023 21:00,3,731.4,93,6
16.01.2023 20:30,3,732.2,87,5
16.01.2023 20:00,3,732.2,93,6
16.01.2023 19:30,4,732.3,87,7
16.01.2023 19:00,4,732.3,93,6
16.01.2023 18:30,4,733,100,6
16.01.2023 18:00,4,733,100,5
16.01.2023 17:30,4,733,100,5
16.01.2023 17:00,4,733.7,100,5
16.01.2023 16:30,4,734.5,100,5
16.01.2023 16:00,4,734.5,93,4
16.01.2023 15:30,4,735.2,93,4
16.01.2023 15:00,4,735.2,93,3
16.01.2023 14:30,4,736,93,3
16.01.2023 14:00,4,736.7,93,3
16.01.2023 13:30,4,736.7,87,5
16.01.2023 13:00,4,737.5,87,3
16.01.2023 12:30,4,738.3,87,3
16.01.2023 12:00,4,739,87,2
16.01.2023 11:30,4,739,87,3
16.01.2023 11:00,4,739.7,87,3
16.01.2023 10:30,3,740.4,93,3
16.01.2023 10:00,4,740.4,87,4
16.01.2023 09:30,4,741.2,93,3
16.01.2023 09:00,4,742,93,2
16.01.2023 08:30,3,742,93,1
16.01.2023 08:00,4,742.7,87,2
16.01.2023 07:30,3,742.7,93,2
16.01.2023 07:00,4,742.7,87,1
16.01.2023 06:30,3,743.4,93,2
16.01.2023 06:00,3,743.4,93,1
16.01.2023 05:30,3,743.4,93,1
16.01.2023 05:00,4,743.5,87,2
16.01.2023 04:30,4,744.3,87,2
16.01.2023 04:00,5,744.3,81,3
16.01.2023 03:30,4,744.3,87,3
16.01.2023 03:00,5,744.3,76,2
16.01.2023 02:30,5,745,81,2
16.01.2023 02:00,5,745,81,2
16.01.2023 01:30,5,745,81,4
16.01.2023 01:00,5,745,81,5
16.01.2023 00:30,5,745.8,87,5
16.01.2023 00:00,5,745.8,87,5
15.01.2023 23:30,6,745.8,81,5
15.01.2023 23:00,6,745.8,81,5
15.01.2023 22:30,6,745.8,87,6
15.01.2023 22:00,6,745.8,87,4
15.01.2023 21:30,6,746.3,87,4
15.01.2023 21:00,7,745.9,81,4
15.01.2023 20:30,7,745.9,87,5
15.01.2023 20:00,6,745.8,93,4
15.01.2023 19:30,5,745.8,100,1
15.01.2023 19:00,5,745.8,100,2
15.01.2023 18:30,5,745,100,3
15.01.2023 18:00,5,745.8,93,1
15.01.2023 17:30,5,745.8,93,2
15.01.2023 17:00,5,745,93,2
15.01.2023 16:30,5,745,93,2
15.01.2023 16:00,5,745,93,2
15.01.2023 15:30,5,745,93,4
15.01.2023 15:00,5,745,93,4
15.01.2023 14:30,5,745,87,5
15.01.2023 14:00,5,745,87,5
15.01.2023 13:30,5,745,87,5
15.01.2023 13:00,6,745,81,6
15.01.2023 12:30,5,745.8,81,5
15.01.2023 12:00,5,745.8,81,5
15.01.2023 11:30,4,746.2,87,5
15.01.2023 11:00,4,746.2,87,6
15.01.2023 10:30,4,746.2,87,6
15.01.2023 10:00,4,747,81,5
15.01.2023 09:30,3,747,87,5
15.01.2023 09:00,3,747,87,4
15.01.2023 08:30,3,747,81,4
15.01.2023 08:00,2,746.9,87,3
15.01.2023 07:30,2,746.9,87,3
15.01.2023 07:00,3,747,87,3
15.01.2023 06:30,3,747,87,4
15.01.2023 06:00,2,746.9,93,3
15.01.2023 05:30,3,747,87,4
15.01.2023 05:00,2,747.6,93,3
15.01.2023 04:30,2,747.6,93,4
15.01.2023 04:00,4,747.7,87,4
15.01.2023 03:30,3,748.5,93,3
15.01.2023 03:00,4,748.5,93,2
15.01.2023 02:30,3,748.5,93,3
15.01.2023 02:00,3,749.1,93,2
15.01.2023 01:30,5,749.2,87,3
15.01.2023 01:00,5,749.2,87,3
15.01.2023 00:30,6,750.1,81,4
15.01.2023 00:00,6,750.1,81,4
14.01.2023 23:30,4,750,87,2
14.01.2023 23:00,5,750.8,81,2
14.01.2023 22:30,4,750.8,87,3
14.01.2023 22:00,4,750.8,87,3
14.01.2023 21:30,5,750.8,81,4
14.01.2023 21:00,4,751.5,87,4
14.01.2023 20:30,5,751.5,81,4
14.01.2023 20:00,6,751.5,76,5
14.01.2023 19:30,6,752.3,76,4
14.01.2023 19:00,5,752.3,81,4
14.01.2023 18:30,4,752.2,87,4
14.01.2023 18:00,4,752.2,81,3
14.01.2023 17:30,4,752.9,75,3
14.01.2023 17:00,5,753,70,3
14.01.2023 16:30,5,753,70,3
14.01.2023 16:00,9,753.1,54,3
14.01.2023 15:30,10,753.2,50,3
14.01.2023 15:00,11,753.2,47,4
14.01.2023 14:30,11,753.2,47,3
14.01.2023 14:00,11,753.2,50,4
14.01.2023 13:30,10,754,50,5
14.01.2023 13:00,10,754,50,6
14.01.2023 12:30,10,754.8,54,6
14.01.2023 12:00,9,754.7,58,7
14.01.2023 11:30,9,754.7,62,7
14.01.2023 11:00,9,754.7,58,6
14.01.2023 10:30,8,754.7,66,8
14.01.2023 10:00,8,754.7,66,2
14.01.2023 09:30,5,754.6,87,2
14.01.2023 09:00,4,754.5,87,1
14.01.2023 08:30,3,754.5,87,3
14.01.2023 08:00,5,754.6,81,3
14.01.2023 07:30,3,754.5,81,2
14.01.2023 07:00,6,753.8,76,3
14.01.2023 06:30,6,753.8,76,5
14.01.2023 06:00,6,753.8,81,6
14.01.2023 05:30,6,753.8,81,5
14.01.2023 05:00,6,753,81,5
14.01.2023 04:30,2,752.8,93,1
14.01.2023 04:00,3,752.9,87,1
14.01.2023 03:30,3,752.9,100,2
14.01.2023 03:00,0,752.8,93,2
14.01.2023 02:30,0,752.8,100,2
14.01.2023 02:00,2,752.8,100,1
14.01.2023 01:30,3,752.2,100,1
14.01.2023 01:00,2,752.2,100,1
14.01.2023 00:30,3,752.9,100,1
14.01.2023 00:00,3,752.2,100,1
13.01.2023 23:30,3,752.2,100,2
13.01.2023 23:00,4,752.2,93,1
13.01.2023 22:30,4,752.2,100,1
13.01.2023 22:00,4,752.2,100,2
13.01.2023 21:30,4,752.2,100,1
13.01.2023 21:00,5,751.5,93,2
13.01.2023 20:30,5,752.3,93,3
13.01.2023 20:00,4,750.8,100,3
13.01.2023 19:30,5,750.8,93,2
13.01.2023 19:00,5,750.8,93,5
13.01.2023 18:30,5,750.8,93,4
13.01.2023 18:00,5,750.8,93,4
13.01.2023 17:30,5,750.8,93,3
13.01.2023 17:00,5,750,93,4
13.01.2023 16:30,5,750,93,3
13.01.2023 16:00,6,750.1,87,3
13.01.2023 15:30,6,750.1,87,3
13.01.2023 15:00,6,750.1,87,3
13.01.2023 14:30,6,750.1,87,3
13.01.2023 14:00,6,750.1,87,3
13.01.2023 13:30,6,750.1,87,3
13.01.2023 13:00,6,750.1,81,3
13.01.2023 12:30,5,750,87,3
13.01.2023 12:00,5,750,87,3
13.01.2023 11:30,5,750.8,87,2
13.01.2023 11:00,4,750.8,93,2
13.01.2023 10:30,4,751.5,93,3
13.01.2023 10:00,3,751.4,100,3
13.01.2023 09:30,3,750.7,93,3
13.01.2023 09:00,3,750.7,100,2
13.01.2023 08:30,2,750.7,100,3
13.01.2023 08:00,2,750.7,93,3
13.01.2023 07:30,1,750.6,100,3
13.01.2023 07:00,1,750.6,100,2
13.01.2023 06:30,2,750.7,100,2
13.01.2023 06:00,1,750.6,100,2
13.01.2023 05:30,2,750.7,100,2
13.01.2023 05:00,2,750.7,100,2
13.01.2023 04:30,2,750.7,100,2
13.01.2023 04:00,2,750.7,93,2
13.01.2023 03:30,2,750.7,100,1
13.01.2023 03:00,2,750.7,100,2
13.01.2023 02:30,2,751.4,100,2
13.01.2023 02:00,3,751.4,100,1
13.01.2023 01:30,3,751.4,100,1
13.01.2023 01:00,3,751.4,93,1
13.01.2023 00:30,3,751.4,100,1
13.01.2023 00:00,3,751.4,100,1
12.01.2023 23:30,3,752.2,93,2
12.01.2023 23:00,4,752.2,93,2
12.01.2023 22:30,3,752.2,100,2
12.01.2023 22:00,4,752.2,93,1
12.01.2023 21:30,4,752.2,93,2
12.01.2023 21:00,4,752.2,93,2
12.01.2023 20:30,5,752.3,87,1
12.01.2023 20:00,5,752.3,87,1
12.01.2023 19:30,6,752.3,87,1
12.01.2023 19:00,7,752.4,81,2
12.01.2023 18:30,4,752.2,87,3
12.01.2023 18:00,8,752.4,76,3
12.01.2023 17:30,7,753.1,81,4
12.01.2023 17:00,8,752.4,76,5
12.01.2023 16:30,8,752.4,76,4
12.01.2023 16:00,8,752.4,76,4
12.01.2023 15:30,10,752.5,67,3
12.01.2023 15:00,11,752.5,58,3
12.01.2023 14:30,11,752.5,58,4
12.01.2023 14:00,12,753.3,54,3
12.01.2023 13:30,11,753.2,54,4
12.01.2023 13:00,11,753.2,54,4
12.01.2023 12:30,10,753.2,62,5
12.01.2023 12:00,11,754,58,4
12.01.2023 11:30,10,754,62,5
12.01.2023 11:00,9,753.9,76,2
12.01.2023 10:30,8,754.7,76,2
12.01.2023 10:00,6,754.6,93,2
12.01.2023 09:30,3,754.5,100,2
12.01.2023 09:00,3,754.5,100,1
12.01.2023 08:30,3,754.5,100,1
12.01.2023 08:00,3,754.5,93,1
12.01.2023 07:30,3,753.7,100,1
12.01.2023 07:00,3,753.7,100,1
12.01.2023 06:30,3,753.7,100,1
12.01.2023 06:00,3,753.7,100,1
12.01.2023 05:30,3,752.9,93,1
12.01.2023 05:00,3,752.9,100,2
12.01.2023 04:30,3,752.9,100,1
12.01.2023 04:00,3,752.9,100,1
12.01.2023 03:30,3,752.9,100,1
12.01.2023 03:00,3,752.9,100,1
12.01.2023 02:30,4,752.9,93,1
12.01.2023 02:00,3,752.9,100,1
12.01.2023 01:30,3,752.9,100,1
12.01.2023 01:00,4,752.9,93,1
12.01.2023 00:30,4,752.9,93,1
12.01.2023 00:00,4,752.9,93,1
11.01.2023 23:30,4,752.2,93,1
11.01.2023 23:00,4,752.2,93,1
11.01.2023 22:30,5,752.3,81,2
11.01.2023 22:00,5,752.3,76,1
11.01.2023 21:30,4,751.5,87,2
11.01.2023 21:00,4,751.5,87,2
11.01.2023 20:30,4,751.5,81,2
11.01.2023 20:00,4,751.5,81,1
11.01.2023 19:30,4,751.5,81,1
11.01.2023 19:00,4,751.5,81,1
11.01.2023 18:30,4,751.5,81,2
11.01.2023 18:00,5,751.5,76,3
11.01.2023 17:30,4,751.5,81,3
11.01.2023 17:00,6,751.5,66,3
11.01.2023 16:30,5,751.5,70,3
11.01.2023 16:00,6,751.5,66,4
11.01.2023 15:30,7,751.6,61,3
11.01.2023 15:00,8,751.6,62,4
11.01.2023 14:30,8,751.6,57,4
11.01.2023 14:00,9,752.5,50,3
11.01.2023 13:30,9,752.5,50,3
11.01.2023 13:00,9,752.5,50,4
11.01.2023 12:30,9,752.5,50,4
11.01.2023 12:00,9,753.1,46,1
11.01.2023 11:30,8,753.1,50,1
11.01.2023 11:00,7,753.1,57,1
11.01.2023 10:30,6,753,61,2
11.01.2023 10:00,6,753.8,61,1
11.01.2023 09:30,5,753.8,70,1
11.01.2023 09:00,3,752.9,81,3
11.01.2023 08:30,2,752.8,81,2
11.01.2023 08:00,2,753.6,81,3
11.01.2023 07:30,1,752.8,81,4
11.01.2023 07:00,2,753.6,81,3
11.01.2023 06:30,2,752.8,81,3
11.01.2023 06:00,2,753.6,81,2
11.01.2023 05:30,3,753.7,75,3
11.01.2023 05:00,2,753.6,75,2
11.01.2023 04:30,3,753.7,70,3
11.01.2023 04:00,4,753.7,70,5
11.01.2023 03:30,4,753.7,70,5
11.01.2023 03:00,5,753.8,66,4
11.01.2023 02:30,5,753.8,66,5
11.01.2023 02:00,5,753.8,66,5
11.01.2023 01:30,5,753.8,66,3
11.01.2023 01:00,5,753.8,66,4
11.01.2023 00:30,6,753.8,61,5
11.01.2023 00:00,6,753.8,66,6
10.01.2023 23:30,6,753.8,66,8
10.01.2023 23:00,6,753.8,71,7
10.01.2023 22:30,6,753.8,71,7
10.01.2023 22:00,6,753.8,76,7
10.01.2023 21:30,7,753.8,71,7
10.01.2023 21:00,7,753.8,71,8
10.01.2023 20:30,7,753.8,71,7
10.01.2023 20:00,7,753.1,71,9
10.01.2023 19:30,7,753.1,71,9
10.01.2023 19:00,7,753.1,66,8
10.01.2023 18:30,7,752.4,71,7
10.01.2023 18:00,7,752.4,66,8
10.01.2023 17:30,7,752.4,66,8
10.01.2023 17:00,7,751.6,66,9
10.01.2023 16:30,8,750.9,66,9
10.01.2023 16:00,8,750.9,66,9
10.01.2023 15:30,8,750.1,66,9
10.01.2023 15:00,8,750.1,66,8
10.01.2023 14:30,8,750.1,71,9
10.01.2023 14:00,7,749.3,76,9
10.01.2023 13:30,7,749.3,76,9
10.01.2023 13:00,7,749.3,81,9
10.01.2023 12:30,7,749.3,81,10
10.01.2023 12:00,7,749.3,81,9
10.01.2023 11:30,6,748.6,87,10
10.01.2023 11:00,6,748.6,87,9
10.01.2023 10:30,6,748.6,87,9
10.01.2023 10:00,6,747.8,87,9
10.01.2023 09:30,6,747.8,87,9
10.01.2023 09:00,6,747.1,87,9
10.01.2023 08:30,6,746.3,87,8
10.01.2023 08:00,6,746.3,87,8
10.01.2023 07:30,6,745.8,87,9
10.01.2023 07:00,6,745,81,9
10.01.2023 06:30,6,745,87,9
10.01.2023 06:00,6,745,87,9
10.01.2023 05:30,6,744.4,81,8
10.01.2023 05:00,6,744.4,81,8
10.01.2023 04:30,6,743.6,81,8
10.01.2023 04:00,6,743.6,87,7
10.01.2023 03:30,6,743.6,81,7
10.01.2023 03:00,6,743.6,87,8
10.01.2023 02:30,6,742.8,87,7
10.01.2023 02:00,6,742.8,87,8
10.01.2023 01:30,6,742.8,87,7
10.01.2023 01:00,6,742.8,87,7
10.01.2023 00:30,6,742.8,87,6
10.01.2023 00:00,6,742.8,87,6
09.01.2023 23:30,6,742.8,87,6
09.01.2023 23:00,6,742.1,87,5
09.01.2023 22:30,7,742.1,81,6
09.01.2023 22:00,7,742.1,81,7
09.01.2023 21:30,7,742.1,81,6
09.01.2023 21:00,7,742.1,81,4
09.01.2023 20:30,7,742.1,81,4
09.01.2023 20:00,7,742.1,81,3
09.01.2023 19:30,7,742.1,81,2
09.01.2023 19:00,7,742.1,81,3
09.01.2023 18:30,7,742.1,81,3
09.01.2023 18:00,7,742.1,81,2
09.01.2023 17:30,7,742.1,87,4
09.01.2023 17:00,7,742.1,87,2
09.01.2023 16:30,7,742.1,87,3
09.01.2023 16:00,7,742.1,87,3
09.01.2023 15:30,7,741.3,87,5
09.01.2023 15:00,7,741.3,87,5
09.01.2023 14:30,8,741.4,82,6
09.01.2023 14:00,8,741.4,82,6
09.01.2023 13:30,8,741.4,87,5
09.01.2023 13:00,8,741.4,82,6
09.01.2023 12:30,8,741.4,82,6
09.01.2023 12:00,9,741.4,87,4
09.01.2023 11:30,9,741.4,87,3
09.01.2023 11:00,9,741.4,87,5
09.01.2023 10:30,9,741.4,87,4
09.01.2023 10:00,9,741.4,87,5
09.01.2023 09:30,9,740.6,87,5
09.01.2023 09:00,9,740.6,87,5
09.01.2023 08:30,9,740.6,82,6
09.01.2023 08:00,9,740.6,82,4
09.01.2023 07:30,8,740.6,93,3
09.01.2023 07:00,6,740.5,100,2
09.01.2023 06:30,4,740.4,100,3
09.01.2023 06:00,5,741.3,93,2
09.01.2023 05:30,4,741.2,100,2
09.01.2023 05:00,4,741.2,93,2
09.01.2023 04:30,4,741.2,100,2
09.01.2023 04:00,3,741.2,100,3
09.01.2023 03:30,3,742,100,3
09.01.2023 03:00,2,741.9,100,5
09.01.2023 02:30,2,742.6,100,4
09.01.2023 02:00,1,742.6,100,4
09.01.2023 01:30,1,743.4,100,4
09.01.2023 01:00,1,743.4,100,4
09.01.2023 00:30,1,744.1,100,3
09.01.2023 00:00,1,744.1,100,3
08.01.2023 23:30,1,744.1,93,2
08.01.2023 23:00,1,744.8,93,2
08.01.2023 22:30,0,744.8,100,1
08.01.2023 22:00,0,745.6,100,2
08.01.2023 21:30,2,745.7,93,2
08.01.2023 21:00,2,745.7,93,2
08.01.2023 20:30,2,745.7,100,3
08.01.2023 20:00,3,745.7,93,2
08.01.2023 19:30,4,745.7,87,1
08.01.2023 19:00,5,745.8,87,3
08.01.2023 18:30,5,745.8,93,3
08.01.2023 18:00,5,745.8,87,4
08.01.2023 17:30,5,745.8,87,5
08.01.2023 17:00,5,745.8,93,5
08.01.2023 16:30,5,745.8,93,5
08.01.2023 16:00,7,745.9,93,3
08.01.2023 15:30,7,745.9,93,2
08.01.2023 15:00,7,745.9,93,4
08.01.2023 14:30,7,745.9,93,4
08.01.2023 14:00,7,746.4,93,4
08.01.2023 13:30,7,746.4,87,4
08.01.2023 13:00,7,746.4,87,5
08.01.2023 12:30,7,746.4,87,6
08.01.2023 12:00,6,747.1,93,5
08.01.2023 11:30,6,747.1,93,6
08.01.2023 11:00,6,747.8,93,6
08.01.2023 10:30,6,747.8,93,5
08.01.2023 10:00,6,748.6,87,6
08.01.2023 09:30,6,748.6,87,7
08.01.2023 09:00,6,748.6,93,5
08.01.2023 08:30,6,748.6,93,5
08.01.2023 08:00,6,749.3,93,4
08.01.2023 07:30,6,749.3,93,5
08.01.2023 07:00,6,749.3,93,4
08.01.2023 06:30,6,749.3,93,4
08.01.2023 06:00,6,749.3,93,4
08.01.2023 05:30,6,750.1,93,4
08.01.2023 05:00,6,750.1,93,5
08.01.2023 04:30,6,750.1,93,5
08.01.2023 04:00,6,750.1,93,4
08.01.2023 03:30,6,750.1,93,5
08.01.2023 03:00,6,750.9,93,4
08.01.2023 02:30,6,750.9,93,5
08.01.2023 02:00,6,750.9,93,5
08.01.2023 01:30,6,750.9,93,5
08.01.2023 01:00,6,750.9,93,6
08.01.2023 00:30,6,750.9,93,4
08.01.2023 00:00,6,750.9,93,4
07.01.2023 23:30,6,751.5,93,5
07.01.2023 23:00,6,751.5,100,5
07.01.2023 22:30,6,751.5,93,4
07.01.2023 22:00,6,751.5,93,4
07.01.2023 21:30,6,751.5,93,3
07.01.2023 21:00,6,751.5,93,3
07.01.2023 20:30,5,751.5,100,3
07.01.2023 20:00,6,751.5,100,3
07.01.2023 19:30,7,751.6,93,2
07.01.2023 19:00,6,751.5,100,3
07.01.2023 18:30,6,751.5,93,3
07.01.2023 18:00,5,752.3,100,3
07.01.2023 17:30,5,752.3,100,3
07.01.2023 17:00,6,752.3,93,3
07.01.2023 16:30,7,752.4,93,4
07.01.2023 16:00,7,752.4,93,3
07.01.2023 15:30,9,752.5,87,3
07.01.2023 15:00,10,752.5,82,3
07.01.2023 14:30,10,752.5,76,3
07.01.2023 14:00,10,753.2,76,3
07.01.2023 13:30,10,753.2,76,3
07.01.2023 13:00,10,753.2,76,2
07.01.2023 12:30,10,754,71,1
07.01.2023 12:00,9,753.9,76,1
07.01.2023 11:30,9,753.9,76,3
07.01.2023 11:00,9,754.7,76,3
07.01.2023 10:30,9,754.7,76,2
07.01.2023 10:00,9,754.7,82,2
07.01.2023 09:30,8,754.7,87,2
07.01.2023 09:00,6,754.6,93,2
07.01.2023 08:30,6,754.6,87,1
07.01.2023 08:00,8,754.7,82,3
07.01.2023 07:30,8,754.7,82,2
07.01.2023 07:00,8,754.7,82,2
07.01.2023 06:30,9,754.7,76,1
07.01.2023 06:00,9,754.7,82,1
07.01.2023 05:30,9,754.7,82,1
07.01.2023 05:00,7,754.6,93,2
07.01.2023 04:30,9,754.7,82,2
07.01.2023 04:00,9,754.7,82,3
07.01.2023 03:30,9,754.7,82,4
07.01.2023 03:00,9,755.4,82,4
07.01.2023 02:30,10,755.5,76,4
07.01.2023 02:00,10,754.8,76,3
07.01.2023 01:30,10,754.8,76,4
07.01.2023 01:00,10,754.8,76,5
07.01.2023 00:30,10,754.8,76,5
07.01.2023 00:00,10,754.8,71,5
06.01.2023 23:30,10,754.8,76,5
06.01.2023 23:00,10,754.8,76,5
06.01.2023 22:30,10,754.8,76,4
06.01.2023 22:00,10,754.8,76,3
06.01.2023 21:30,9,754.7,82,2
06.01.2023 21:00,9,754.7,82,3
06.01.2023 20:30,8,754.7,82,2
06.01.2023 20:00,7,754.6,87,1
06.01.2023 19:30,8,754.7,82,1
06.01.2023 19:00,8,754.7,82,1
06.01.2023 18:30,8,754.7,82,2
06.01.2023 18:00,7,753.8,87,2
06.01.2023 17:30,7,754.6,87,2
06.01.2023 17:00,8,753.9,82,2
06.01.2023 16:30,9,754.7,82,1
06.01.2023 16:00,9,753.9,82,2
06.01.2023 15:30,10,754.8,76,1
06.01.2023 15:00,10,754.8,71,2
06.01.2023 14:30,11,754.8,67,2
06.01.2023 14:00,10,754.8,71,2
06.01.2023 13:30,10,754.8,71,3
06.01.2023 13:00,10,754.8,71,3
06.01.2023 12:30,10,755.5,71,2
06.01.2023 12:00,10,755.5,71,4
06.01.2023 11:30,10,755.5,67,2
06.01.2023 11:00,9,756.2,76,2
06.01.2023 10:30,8,756.2,82,2
06.01.2023 10:00,8,756.2,82,2
06.01.2023 09:30,9,756.2,76,1
06.01.2023 09:00,8,756.2,82,2
06.01.2023 08:30,6,756.1,87,3
06.01.2023 08:00,6,756.1,87,4
06.01.2023 07:30,6,755.3,87,3
06.01.2023 07:00,7,755.3,81,3
06.01.2023 06:30,7,755.3,81,3
06.01.2023 06:00,8,755.4,76,3
06.01.2023 05:30,8,755.4,76,3
06.01.2023 05:00,8,755.4,76,4
06.01.2023 04:30,9,754.7,71,4
06.01.2023 04:00,8,754.7,76,3
06.01.2023 03:30,8,754.7,76,2
06.01.2023 03:00,9,754.7,71,3
06.01.2023 02:30,9,754.7,71,3
06.01.2023 02:00,8,754.7,76,3
06.01.2023 01:30,8,754.7,76,4
06.01.2023 01:00,9,753.9,71,4
06.01.2023 00:30,9,753.9,71,4
06.01.2023 00:00,9,753.9,71,4
